<?xml version='1.0' encoding='UTF-8'?>
<system creation-date="2023-09-12 21:40:04.767000" desc="" enable="False" id="DDEED734-29FD-4824-A13B-3B5317B7B20A" last-modified-date="" name="IRB140_6_81"><applications><application name="RobotWare" version="6.15.3019"><settings><system-xml path="D:\gio\Robotica\Lab1\Entregables\CodigoRAPID\Robot_lab1-main\Project3_1\Virtual Controllers\IRB140_6_81\system.xml" /><key-id path="D:\gio\Robotica\Lab1\Entregables\CodigoRAPID\Robot_lab1-main\Project3_1\Virtual Controllers\IRB140_6_81\INTERNAL\key.id" /><setting-file path="D:\gio\Robotica\Lab1\Entregables\CodigoRAPID\Robot_lab1-main\Project3_1\Virtual Controllers\IRB140_6_81\INTERNAL\controller.rsf" /></settings></application></applications></system>